"tweet","topic"
"dramatic rescue operation caught camers army rescue nearly local trapped flash flood j k","2.0"
"roundup best laptop bag case sleeve apple s late macbook pro","4.0"
"machine learning landscape amd intel nvidia qualcomm xilinx ai engine live","4.0"
"iisc iit bombay among top university asia survey","3.0"
"reach billion report","5.0"
"syria changed donald trump s presidency writes","2.0"
"brief beijing shiji information technology plan cooperation taobao","4.0"
"general public mangaluru trained cashless transaction","5.0"
"introducing samsung level box slim portable wireless speaker powerful sound","4.0"
"asha parekh feel wouldn t like star today there s much medium paparazzo stress","1.0"
"happy inform release two indian national midhun edward abducted south sudan","2.0"
"prime minister shri tribute pandit deendayal upadhyaya ji occasion","2.0"
"pm modi taking country red tape red carpet","2.0"
"official spotify app coming apple watch help third party developer","4.0"
"rbi release discussion paper wholesale long term finance bank","5.0"
"fifa financial loss accelerate legal cost mount","5.0"
"vladimir putin say u strike syria violated international law","2.0"
"switching track independent rail regulator start corpus inr cr","5.0"
"hospitality best company work list","5.0"
"year ago date time pm happened nation billion people erupted joy world cup","0.0"
"sensex open level point","5.0"
"review meeting polavaram directed official ensure there s shortage cement sand work","2.0"
"pic say would like play hopeless romantic picture go prove","1.0"
"learning outcome grade designed handbook given parent hrm","3.0"
"much time draw working bat wear boxing glove little bat foot that s good news","0.0"
"crore inr generated year letting parking space car lucrative","5.0"
"quarterfinal beating catch www sonyliv com detail clip monaco v manchester city match highlight uefa champion league th mar","0.0"
"worsen economic mess","5.0"
"best team kaatru veliyidai watch theatre say piracy","1.0"
"studying cool flame giving u new thing consider spacecraft fire safety","3.0"
"olympic bronze winning wrestler cover spoke journey podium","0.0"
"metal band first u k album third record","1.0"
"tracking explosive growth open source software","4.0"
"analysis blessing curse apple supplier","5.0"
"new loophole could allow state avoid publicly identifying high school need intensive help","3.0"
"wealth management co luring private banker crore plus salary luxury car","5.0"
"german economic confidence highest since eurozone crisis zew","5.0"
"consumer making payment le r win mega award r lakh r lakh r crore","5.0"
"met dr yaacob ibrahim singapore minister communication information shared success story nation field","4.0"
"michael flynn s offer testify return immunity prosecution hang russia investigator","2.0"
"brazil teacher change hairstyle support bullied girl","3.0"
"thanks love karmic musical journey","1.0"
"many congratulation receiving padma shri much deserved lot come keep going","0.0"
"wishing indian michael jackson","1.0"
"tax evasion r lakh crore detected","5.0"
"primary education would affordable anymore","3.0"
"thanks love karmic musical journey","1.0"
"stop brain drain giving r monthly scholarship best student bit ly nfc ax","3.0"
"top apps iphone android","4.0"
"rooting indian short track speed skater sapporo hokkaido best luck","0.0"
"short film life support expose dark belly indian politics full film","2.0"
"income tax act draconian amendment becomes economic version tada","2.0"
"right plz stop school commercial business plz help parent","3.0"
"foreign exchange turnover data","5.0"
"george soros backed jared kushner venture cadre million","5.0"
"th placed matchday catalan victory","0.0"
"made feel fat told good enough open exclusive interview","1.0"
"meeting office bearer samajwadi party office finalise membership drive commence village polling booth","2.0"
"training year men blue loving life bengaluru","0.0"
"weekly roundup apple reset mac pro tesla valuable u automaker","4.0"
"set goal high stop till get bo jackson happy international sport day","0.0"
"formal education make living self education make fortune","3.0"
"india look hat trick win th asian school boy u hockey c ship face thailand apr pm ist","0.0"
"check latest video kent oki unboxing world s smallest g lte smartphone","4.0"
"chief minister spark","2.0"
"instagram feed never put power dslr pocket","4.0"
"frame corpus adding memory goal oriented dialogue system","4.0"
"trump s syria airstrike different similar obama s","2.0"
"twitter sentiment analysis machine learning r using doc vec approach","4.0"
"carlton cuse break preview season","1.0"
"nd t i wicket wasim c carlos brathwaite b kesrick williams","0.0"
"pepsi get schooled internet latest ad","1.0"
"matchday catch action ten ten ten hd","0.0"
"jee main result likely announce april cbse www cbseguess com news detail jee main result likely to be announce on april","3.0"
"congratulation winning india open super series title another great achievement super talented shuttler","0.0"
"long sutton school head defends duvet day incentive","3.0"
"indian prefer report","5.0"
"apply online ia preliminary exam last date applying exam th march till pm","3.0"
"son become filmmaker","1.0"
"say want remake alien","1.0"
"nissan trophy tour begin india get hand icc champion trophy","0.0"
"bansals billionaire club","5.0"
"tracking explosive growth open source tcrn ch ntlsof","4.0"
"action continues caribbean first odi west indie v pakistan series winner","0.0"
"called excellency minister malaysia","2.0"
"brook introduces samplestore iii ac automated storage system acoustic tube technology","4.0"
"stranger thing lead tv category four nomination","1.0"
"minister economic cooperation development delhi april","2.0"
"abahani ltd group e encounter r stadium balwant jeje sony scorer","0.0"
"sublime run set katsumi yusa goal v bengaluru simply amazing","0.0"
"sony yay sign brand ambassador kid entertainment channel mubaarak tiger","1.0"
"best luck captain afc cup semifinal th jeet ke lana sir","0.0"
"india s para athlete medal season opening th fazza international ipc athletics grand prix dubai","0.0"
"attended orientation programme mlas government s effort ensure quality education improved learning outcome","2.0"
"also accepting application summer internship apply march th","3.0"
"lift ban shiv sena mp ravindra gaikwad immediate effect","2.0"
"ice cool lifted pune thrilling victory mumbai","0.0"
"big congrats anmol gagan maan launching world first punjabi girl band performing","1.0"
"captain cool s smashing score card season","0.0"
"much appreciation first kind initiative n cop excellence take maharashtra police greater height","2.0"
"led tv cheaper rupee gain home appliance dearer","5.0"
"abacus help student learn math","3.0"
"stay touch twist thanks built in speaker","4.0"
"axis kotak merger buzz government backing","5.0"
"nobody wanted fight jr lightweight champ except","0.0"
"learning multi relational semantics using neural embedding model","4.0"
"launched hr news portal odia daily samaja urged continue playing constructive role nation building","2.0"
"tourism terrorism difference clear former brings economic growth latter unwanted bloodshed help one","2.0"
"similarly quality primary education offered u main flow realise skill india dream","3.0"
"lasith malinga joined international hat trick last night joint player","0.0"
"elon musk tease one easter egg rule tesla owner","4.0"
"ashish roy smart city must build human capital","4.0"
"fast europe open uk inflation house price","5.0"
"ensure timely collection tax parliamentary panel finance ministry","5.0"
"resident delhi burnt house tax bill receipt show support aap upcoming municipal poll","2.0"
"lot great work defence tonight ability boxing session well done everyone","0.0"
"would better play bowler bowl spell well done guy lot achieve","0.0"
"held meeting review expedite cm announcement panipat yamunanagar district chandigarh today","2.0"
"congratulation national rise millennial record fifa ranking","0.0"
"woman claim love classical music know game throne theme","1.0"
"michael wingate earned diploma valedictorian class wall hang","3.0"
"india secular country discrimination basis caste creed colour cannot allowed home minister","2.0"
"make printed object city recycled plastic van plestik increase amount recycled plastic","4.0"
"lift every school celebrate every teacher support every superintendent love every child affirm public education high duty","3.0"
"got ticket yet celebrate release concert u oct","1.0"
"congratulation victory afc cup","0.0"
"parent disclose school name child suffer parent scared talk school","3.0"
"shadow broker hacker group release password alleged nsa file","4.0"
"film credit belief still raw actor","1.0"
"gold import shrink billion apr feb fy","5.0"
"fee noida need controlled","3.0"
"here s smashing picture set next film","1.0"
"believe learn never stop wanting build better world mary mcleod bethune","3.0"
"congratulation new minister entering ap cabinet i m confident team work development","2.0"
"review career best commercial entertainer stellar turn","1.0"
"last year i m getting scholarship without reason","3.0"
"schneider officially open nyse sndr","5.0"
"civil vehicle carrying passenger slipped fell breng nala anantnag j k swift action precious life","2.0"
"r rahman music concert review","1.0"
"world reacting u airstrike syria","2.0"
"alpha goal gave u early advantage led dabang victory","0.0"
"fly legging bring u puma store legging april stay fly","5.0"
"centre buy tonne potato farmer","5.0"
"anything steve smith can t top performer","0.0"
"fee regulatory body today s need save education save future","3.0"
"u accuses google underpaying female employee","5.0"
"don t understand didn t buy good bowler yr struggled bowl last year ti year look","0.0"
"global tea production trend favourable demand prospect likely lead upward price trajectory cy icra","5.0"
"actor iconic track watch video","1.0"
"fight corruption black money continue pm narendra modi","5.0"
"loving vibe can t wait see trailer","1.0"
"pm speaks russian president vladimir putin nmapp","2.0"
"get grocery unit bought india grocery we ll","5.0"
"house democrat argues bid unseat sen ted cruz could key flipping senate","2.0"
"dropbox paper io gain offline mode multiple language dlvr nsq v","4.0"
"govt exempts r cr tax first month fy","5.0"
"marcelo salas all time top scorer last night goal","0.0"
"twitter com hashtag smithy src hashon magnificent striking didn t hit clean played well tonight","0.0"
"bangladesh pm sheikh hasina arrives new delhi","2.0"
"y s yet another budget smartphone vying attention good read review","4.0"
"football sport cannot solve society s ill give people hope unite unique way","0.0"
"post bitcoin technology geek giant hacker excited","4.0"
"cbse taking move towards helping student suffering loss due curfew cbse news","3.0"
"here s reason","5.0"
"court s observation sidhu case minister following service rule make followed junior","2.0"
"kennington school vote give pupil pollution face mask","3.0"
"guy checkout deal week get great discount onhonda activa hurry shop pic twitter com wtvcw thpz","5.0"
"ebay india s oldest e commerce player lost race","5.0"
"buy pnb target r say religare security","5.0"
"shri kkjalan secretary msme chaired th meeting scheme screening committee aspire lbi tbi implementation","5.0"
"lyft raised million new funding billion valuation","5.0"
"mowgli jungle book come life girl found living among monkey","1.0"
"syndicate violence student r bjp worker kerala akin cpm sponsored terrorism smt","2.0"
"nhrc issue notice rajasthan government death man alleged assault so called gau rakshaks pti","2.0"
"appreciate good work done chhattisgarh police","2.0"
"best new business book list","5.0"
"mission indradhanush infuse capital bank last step say arun jaitley","5.0"
"centre issue half rural job guarantee scheme allocation writes","5.0"
"interested nlp subscribe contribute natural language processing community reddit","4.0"
"smusicis surely highlight watch trailer","1.0"
"impact r cr loss exchequer closure lakh establishment","5.0"
"honda activarunning cng gas launched priced give average km kg gas","5.0"
"teacher encouragement give pupil long term boost","3.0"
"generator monitoring application using raspberry pi","4.0"
"join satellite revolution nasa s gsfc host sat servicing tech transfer day apr read","4.0"
"injury list growing overseas player affect composition indian player irreplaceable huge blow","0.0"
"microsoft launch sprinkle silly camera app powered machine learning","4.0"
"hungary s george soros university face closure","3.0"
"nokia helping bharti airtel bsnl transform network alltheinternetofthings com entry","4.0"
"extra school place building repair bn boost","3.0"
"scored first ever odi century england australia old trafford happy birthday dennis amiss","0.0"
"israel make india signing billion dollar defence deal india","2.0"
"year ago team achieved dream billion indian scripting world cup victory unforgetable moment life","0.0"
"would big measure huge help indian athlete","0.0"
"ceo pierre nanterme belief pay equality critical here s","5.0"
"video senior play year candidate check leg shot","0.0"
"th icse history syllabus son huge disappointment page pgs hindu ruler","3.0"
"used say paper ballot best way people used accuse questioning evms something seriously wrong","2.0"
"sport ministry revoke indian olympic association suspension","0.0"
"quarterfinal beating catch www sonyliv com detail clip juventus v porto match highlight uefa champion league th mar","0.0"
"here s action unfolded riveting day s play th asian school boy u hockey championship apr","0.0"
"captain kohli rahane taste twitter com hashtag smithy src hashwith bat test it s time twitter com hashtag rohitsharma src hashtonight mom twitter com hashtag ipl src hash","0.0"
"year high school golf district championship regional qualifier couldn t ask better team love","0.0"
"lawmaker generally supported trump s strike syria cautioned consult congress starting war","2.0"
"happy birthday player score triple century south africa test v england","0.0"
"top turnover","5.0"
"house built pradhan mantri awas yojana urban gujarat account highest","2.0"
"majority republican voted obama wanted launch strike syria","2.0"
"hrm address press world s biggest hackathon pm today shastri bhawan","3.0"
"dslr quality photography right pocket","4.0"
"china warned deterioration situation syria trump xi meet","2.0"
"appeal misguided youth j k fall trap pak sponsored syndicate stone pelting hm shri","2.0"
"delighted welcome educationist officer queensland australia explored idea early childhood edu teacher training","3.0"
"appeal election commission postpone bypolls anantnag j k","2.0"
"wishing aspirant higher secondary isc cbse examination best luck wishing great success","3.0"
"exam result evaluation process end www cbseguess com news detail cbse board exam result evaluation process end","3.0"
"dynamic programming problem solving strategy unrelated dynamic programming language","4.0"
"good steven smith take pune home ball spare smash consecutive six","0.0"
"kid get fundamental right education affordable rate","3.0"
"babri masjid demolition case sc reserve order plea bjp leader read full story","2.0"
"moment pride electrified village remaining village electrified may","2.0"
"odisha hockey men world cup bhubaneswar coming india next year read","0.0"
"hungary pass bill targeting central european university","3.0"
"application machine learning fintech","4.0"
"collecting ridiculous ml ai headline e g ai already better artist talk pls send along come across","4.0"
"happy announce release date dat i m happy b part directed friend","1.0"
"special in game benefit available exclusively google play store","4.0"
"go road stay map tracking","4.0"
"win last match easy task cut boy proved critic wrong","0.0"
"approves indian institute information technology public private partnership bill","3.0"
"always pleasure talk appreciate insight improving higher education system better serve student","3.0"
"man put pakistan right track institutionalizion rule law better education health better police governance","3.0"
"sri lanka malaysia kick start day fixture april th asian school boy u hockey championship","0.0"
"free school meal unreliable poverty measure","3.0"
"throwback great salim javed blockbuster time india that s something thanks","1.0"
"cbse extends deadline revision neet centre till march","3.0"
"happy birthday india opener played test scoring century fifty murali vijay","0.0"
"star jackichand singh pictured indian team squad cambodia","0.0"
"u don t like he s making don t watch film what s violence apart vulgar display self righteousness","1.0"
"indian sport rid politics insecure people decision making massaging ego","0.0"
"idea hindu rashtra founded people participate freedom struggle ghanshyam tiwari sp","2.0"
"aadhaar extraordinary indian innovation billion resident safe secure digital identity","5.0"
"educated youth talking casteism tn cricket tournament mohammed crist gandhi team","0.0"
"next live myntra pre order get exclusive checkout offer limited time","5.0"
"small medium business trader organized chandigarh witnessed great enthusiasm among trader","5.0"
"two goal esteban parade chile completely dominant follow","0.0"
"celebrate student carderock spring elementary school","3.0"
"school part madares al ghad network school teaching english math science since september","3.0"
"tamil nadu farmer monsoon politics note ban brought skull protest jantar mantar","2.0"
"bindu tune wouldn t get abhi s head tomorrow","1.0"
"hrm release ranking higher educational institution today pib conference hall shastri bhawan nd","3.0"
"flagged extension ajmer ratlam express indore sumitra mahajan ji hon speaker lok sabha enhance rail connectivity","2.0"
"i t department detected r crore undisclosed income detected post fm","5.0"
"star performance katsumi scored brace threatened every attack hero match award","0.0"
"west indie halt losing streak pakistan rd t i preview","0.0"
"direct benefit transfer subsidy jandhan aadhaar mobile jam trinity led saving nearly crore","5.0"
"new zealand pacer adam milne discussion play season s natwest t blast overseas player","0.0"
"bh boy track district champ boy team tennis district co champ team tennis girl district champ great day barber hill","0.0"
"take bow wrestler conferred padma shri congratulates","0.0"
"armenian genocide drama promise screen vatican","1.0"
"pm tomorrow join smart india hackathon watch mobile","3.0"
"post match winning performance twitter com hashtag ipl src hash","0.0"
"google deepmind open source sonnet build neural network tensorflow even tcrn ch obejvb","4.0"
"hm attended foundation stone laying ceremony two solar power plant south andaman today visit n island","2.0"
"locked place woman s world cup final defeating nz run india make","0.0"
"year old pakistan leg spinner shadab khan named squad","0.0"
"commendable humanitarian gesture free round trip given ill bangladeshi patient treatment","5.0"
"hindu way life religion sudhanshu trivedi","2.0"
"robotic process automation today expanding change job forever ganesh natarajan","5.0"
"grimsley defeat page high school tennis match lasted hour team left everything court","0.0"
"bangladesh s outgoing t i captain mashrafe mortaza delighted finish winning note plenty thanks give","0.0"
"remembering babu jagjivan ram birth anniversary service india struggle right marginalised always inspire","2.0"
"guy n gal don t spread rumor vinod khanna saahab doctor s care condition stable per hospital spokesperson pray","1.0"
"another democratic senator red state say he ll block trump s supreme court nominee","2.0"
"said reached stage career choosy work","1.0"
"uk inflation hold highest nearly four year march","5.0"
"steve smith adjudged man match ball bit ly omdqft","0.0"
"perry one international player hoping world cup success www ecb co uk news","0.0"
"pm s push digital economy right track withdraw le cash digital transact","5.0"
"germany urging eu file wto complaint u row steel import","2.0"
"aadhaar extraordinary indian innovation billion resident safe secure digital identity","5.0"
"captain sana mir lead pakistan first ever woman s world cup get ticket","0.0"
"auction three state government security crore april","5.0"
"might heard accusation hype field ai i m convince otherwise using orange glowing spinny orb","4.0"
"way empower engage employee lead change organization","5.0"
"picture really worth word j k government one big bjp banner top bottom","2.0"
"introducing look world s social medium power player","5.0"
"think represented hong kong well india devi cup foot difficult achieve","0.0"
"continues end primary education child","3.0"
"keb first xi rehenesh bheke arnab bukenya narayan dika mehtab poojary robin singh willis plaza christopher payne","0.0"
"yet another new district bengal begin journey today fb post","2.0"
"power productivity window device introducing samsung","4.0"
"first game day away indore ready roar boy","0.0"
"lady meherbai tata education trust announces scholarship india education j mp mfttwk","3.0"
"sky takeover st century fox cleared european commission","5.0"
"following wolfe s goal goal behind churchill brother","0.0"
"bajaj v salute today decommissioning day join u saluting aircraft carrier glorious service nation","5.0"
"song deserves grammy","1.0"
"indian olympic association want host commonwealth game please make sure never happens","0.0"
"normal human decide launch warfare playing golf eat dinner like nothing happening","0.0"
"pirate caribbean director tackling michael crichton book micro","1.0"
"steve smith doesn t ever get tired scoring run","0.0"
"top tech company make smart city technology","4.0"
"corporate announcement pm view","5.0"
"rajasthan pvt engg college ki next year advance lena ki tk shi h kya student inki jebe yu hi bhrte rhenge","3.0"
"streamlining state plan template put individual need state locality school student first","3.0"
"p v sindhu take first game carolina marin","0.0"
"judge lauds transgender student s brave fight justice","3.0"
"matchday catch action ten ten ten hd","0.0"
"xiaomi preferred smartphone brand india strategy analytics","4.0"
"r lakh","5.0"
"say tomato say tomatosphere experiment bringing biology science go nasa gov ogyrrz","3.0"
"artificial intelligence here s new way interact phone learn","4.0"
"icymi misbah say west indie series last","0.0"
"receiving pm hasina pm also interacted bangladesh delegation","2.0"
"trudeau probably stop telling desperate refugee everyone welcome ift tt osw fc","2.0"
"chennai division southern railway developed new container loading unloading facility wallajahbad","2.0"
"may dropped big hint uk isn t going eu trade deal brexit","2.0"
"etf regulatory summit designed help etf provider navigate regulatory change affecting industry","5.0"
"proud announce first odd recording city hall","1.0"
"greeting warm wish vice president india shri hamid ansari birthday may blessed good health long life","2.0"
"multitask learning deep neural network community question answering","4.0"
"development mantra change people life better pm narendra modi","5.0"
"jhalda manbazar purulia begin new journey today created two new sub division bengal","2.0"
"want chance present innovation idea nasa leadership deadline itech entry april","4.0"
"special report aim help educator navigate diverse marketplace curriculum","3.0"
"american horror story recruit billie lourd season","1.0"
"fitness motivation style come together armour connected fitness apps","4.0"
"actress kim sharma dismisses report alleged broken marriage life","1.0"
"live app store snl sticker u","4.0"
"health two sector black money accumulating","3.0"
"get ready bollywood dance music saturday pm till midnight","1.0"
"baahubali unknown fact franchise","1.0"
"dutch education system among best world enough","3.0"
"jaeger fall administration putting job risk","5.0"
"nvestor advisory group call clear well fargo board","5.0"
"ipl fantasy league coming soon stay tuned","0.0"
"week ahead bank earnings g meeting yellen","5.0"
"sport ministry approves appointment two foreign athletics coach","0.0"
"congratulate triumphing win wish ace badminton star keep inspiring india","0.0"
"finally releasing new original music pree guest mix","1.0"
"vivo v plus ipl limited edition smartphone mp mp dual front camera launched r","4.0"
"film declared tax free jharkhand chief minister raghubar da","1.0"
"pentagon longer going tell public many troop iraq syria","2.0"
"tomorrow turning get week full discount bill royal stag bistro","5.0"
"frm dharamshala ahm bad amritsar look n feel football pitch arena transstadia superb","0.0"
"addressing nd annual meeting new development bank new delhi april","2.0"
"digital payment initiative demonetization designed reduce usage cash strengthen footprint digital economy","4.0"
"brahmaputra lifeline assam northeast source livelihood people region","2.0"
"nat geo musicplaying loud non metal band like pendulum rise suspect band like day remember three day grace next","1.0"
"flood worry ease kashmir rain relent water level jhelum it s tributary receding pti quote official","2.0"
"newly confirmed supreme court justice already education case runway","3.0"
"goalllllllllll time","0.0"
"revealed sonam kapoor s role akshay kumar s padman","1.0"
"geography future talk geography level student","3.0"
"sport minister appointment two foreign coach two support staff","0.0"
"applying scholarship becomes easy national scholarship portal crore student registered far","3.0"
"pak censor board banned screening objectionable content initially allowing release","1.0"
"arizona expands education saving account entire student edwk nnjh x","3.0"
"samsung overcomes scandal report highest profit four year","5.0"
"google add soundstage developer logan olson vr tcrn ch pb la","4.0"
"km music conservatory student sam brother shining hollywood","1.0"
"know aamir khan chopped katrina kaif s song dhoom","1.0"
"two world t title west indie kolkata","0.0"
"that s problem evm issue speak election look like lose speak sore loser","2.0"
"gas glut build production mt consumption mt market looking home","5.0"
"paid tribute brave freedom fighter india s independence struggle spent year cellular jail andaman nicobar island","2.0"
"ula demo emergency egress system crewed space tcrn ch nxq s","4.0"
"enjoy lyrical video sung bit ly rogjaane mohit","1.0"
"nyu student report life iphone factory worker week undercover dlvr nsnfpq","4.0"
"win championship find what s side effort","0.0"
"song india","1.0"
"school playing imotion school h ya court","3.0"
"sport all metal casing gb ram also get bigger battery","4.0"
"provides parent w transparent information child education help student school grow improve","3.0"
"russian military say syrian air defence strengthened report afp","2.0"
"hrm graduation ceremony tata memorial centre mumbai","3.0"
"davis cup match sure awesome atmosphere it s like nba game le trickery","0.0"
"post match interview hero match katsumi whose brace helped victory","0.0"
"pm india first defence sector self reliant manufacturing licensing mechanism","2.0"
"b minister shri addressing inauguration th regional news unit india radio air visakhapatnam","2.0"
"hedge fund slash short year treasury future position","5.0"
"t s time ministry education taking stock achievement programme","3.0"
"right plz stop school commercial business plz help parent","3.0"
"kaatru veliyidai frm today part maniratnam film experience tht wl cherish fr lifetime","1.0"
"creativity music technology inspiring day student next gen musician","1.0"
"dbt scheme crore beneficiary say government","5.0"
"russian tv plane destroyed u air strike syria","2.0"
"consumer shop product scanning qr code given offline merchant partner","5.0"
"wada official head new athletics integrity unit","0.0"
"took oath inauguration cup delhi good luck","0.0"
"miss minute action apple tv apple co wwe","4.0"
"think govt pressure lifting ban sanju verma bjp","2.0"
"venture capital avoiding loser much picking winner","5.0"
"putting extraordinary effort improving status government education","2.0"
"world leader hailing trump s syria strike russia","2.0"
"guide everything odisha hockey men world cup bhubaneswar live click","0.0"
"congratulation graduating ed literacy study","3.0"
"money smart kid request financial education school incentive like essay contest scholarship","3.0"
"government studying report changing financial year","5.0"
"chinese smartphone maker xiaomi want like costco apple","4.0"
"female head under represented secondary school say study","3.0"
"feeling score first international goal it s","0.0"
"officially open nyse elvt","5.0"
"meet man tasked taking vanuatu first ever fifa competition","0.0"
"catch tomorrow pm join ride","1.0"
"unbeaten home since september","0.0"
"ujala scheme govt receiving overwhelming response crore led bulb distributed till","2.0"
"india cusp digital revolution","4.0"
"cake cutting ceremony hotel actor shooting next","1.0"
"congratulation lv revanth winner indian idol done khuda baksh rohit","1.0"
"history syllabus primary education india really need revision reflect true culture objectionable content removed asap","3.0"
"oh god never held breath long next episode series huggeee fan","1.0"
"kendall jenner s worst ad ever came","1.0"
"revised template requires absolutely needed info reduce burdensome regs red tape teacher teach student learn","3.0"
"wall street predicts snap inc lose billion year here s","5.0"
"judge lauds transgender student s brave fight edwk nnpfkd","3.0"
"paralympians win medal world para athletics grand prix make india proud","0.0"
"finnish football club branch office india tie long term wit","0.0"
"patna bihar opened extraordinary response show going houseful","1.0"
"andy murray doubt davis cup elbow injury","0.0"
"mtv launch super sweet casting call musical ly exclusive","1.0"
"hindutva different concept hindu rashtra purely political concept shahid siddiqui nai duniya","2.0"
"rbi warns bank action passing rate cut benefit","5.0"
"pakistan secured series fine style successful odis th t i recap","0.0"
"poor india want lead life dignity want opportunity prove faith skill pm","2.0"
"company beginning use ai tool cloud regular activity like brewing","4.0"
"since growth manufacturing lcd led tv seen tremendous growth continue grow coming year","5.0"
"strong year to date fy result strong double digit growth cloud security service","5.0"
"exclu cloud sils maria director olivier assayas direct film based true story cuban spy","1.0"
"thank guy constant love support bollywoodlife retains position entertainment site india","1.0"
"russian bot still interfering u politics election expert witness say","2.0"
"here s important education speech deserves wider notice","3.0"
"certainly elevated closing bell","5.0"
"kendriya vidyalayas navodaya vidyalayas successful model","3.0"
"day year ago sugar ray leonard defeated marvin hagler split decision one boxing s controversial fight","0.0"
"kansa principal quits student newspaper investigation","3.0"
"play freely world good","0.0"
"samsung innovation turning impossible new normal","4.0"
"phelps got photoed smoking weed hide ped subsequent test say take pill add asleep sumgong","0.0"
"disparaging education raising unaffordable fee hike","3.0"
"abn overseas education help student find qualify scholarship world","3.0"
"see unbeaten olympian fight daniel bastien tonight","0.0"
"expect govt take strict action responsible brutal senseless attack","2.0"
"small temple provided primary education large temple provided higher education destruction temple affected education india","3.0"
"take part contest every participant get min cashback grand prize","5.0"
"biggest lady night year tonight dj romi lux","1.0"
"post bitcoin technology geek giant hacker excited","4.0"
"cm talking like really concerning kamal faruqui political analyst","2.0"
"one find inner peace world full injustice like nat geo music","1.0"
"evangelical church borrowing version prosperity gospel silicon valley","4.0"
"bse profit by product bse technology key focus say ceo ashish chauhan economic time","5.0"
"eliminate hundred corporate job gobally report","5.0"
"today book key education supply book learning equipment child","3.0"
"hello performing live can t wait see","1.0"
"one shooter always ready help everyone say pooja ghatker","0.0"
"action unfolded absorbing opening day th asian school boy u hockey c ship apr","0.0"
"fake news social medium automated www slideshare net weblyzard eday","4.0"
"referee named including var first time fifa youth tournament","0.0"
"atop u hot th week","1.0"
"shakib mustafizur deliver run win bangladesh despite malinga hat trick","0.0"
"listen begum jaan today radio mirchi","1.0"
"kishori amonkar ji queen classical music becomes one almighty great life unparalleled contribution music rip","1.0"
"democrat senator jon tester vote supreme court nominee gorsuch","2.0"
"mega telescope trying take first image ever black hole hell yeah","4.0"
"cauvery water issue supreme court dismisses karnataka s review petition","2.0"
"school need regulator control fee hike delivery promise","3.0"
"bjp taking credit good work inc worked build india busy spinning story placate ego one man","2.0"
"ed summons money laundering goo gl ux ify","5.0"
"google went live another music player add growing list","1.0"
"kante back hazard pfa player year prize","0.0"
"aap win mcd work cleaning national capital india delhi give deserves","2.0"
"catch radio bad boy prince raheem live hot","1.0"
"rupee softens paisa u dollar","5.0"
"pci cordially invite opening ceremony nat para athletics nat para swim g championship mar jaipur pm","0.0"
"update app work larger aspect ratio new flagship android goo gl vponsd","4.0"
"shri hon ble mo msme reviewed pmegp officer s msme kvic kvip banker khadi institution baharampur murshidabad wb","5.0"
"love football love beautiful image favour follow u","0.0"
"raj kosaraju airline algorithm delay delay big data","4.0"
"scout fifa member association affiliated club could assessing talent may","0.0"
"sport ministry re recognises indian olympic association much vaunted autonomy put test rightly failed","0.0"
"that s end first half game sensational performance last run win","0.0"
"great see kid bristol enjoying visit unveiling new wicket watch","0.0"
"meet sedric volkswagen vision self driving car","4.0"
"would dedicated yr yr life","1.0"
"surprising story merle oberon indian actress nominated oscar","1.0"
"hockey way ahead federation kamesh srinivasan important freewheeling interview","0.0"
"use le november level withdrawal fall fourth week","5.0"
"project zero uncovers nasty wi fi chip exploit","4.0"
"gastelum facing mo suspension can t get reduced i ve saying forever wada s prohibited list horseshit","0.0"
"dem rep trump care enough syrian launch strike allow refugee","2.0"
"well fought guy chin let s fight hard next game keep believing bounce back strong","0.0"
"it s holi gift it s stay avail lowest g g g rate country reliance","5.0"
"parineeti chopra hint alia bhatt shraddha kapoor s voice auto tuned song","1.0"
"classic s stainless steel design make one smart looking smartwatch","4.0"
"justin bieber nominated total award billboard music award many think justin","1.0"
"teacher don t let fear accountability test prevent what s best child","3.0"
"entrance exam preparation shar e dxawp","3.0"
"passed nd test series certify parachute human spaceflight","4.0"
"happy birthday former india captain led first test series win england ajit wadekar","0.0"
"book early fly cheap summer airline stop last minute discount","5.0"
"level entertainment journalism one legend vinod khanna mistakenly named another legend rajesh khanna","1.0"
"going win national championship don t let s blame rest team tennis golf individual sport","0.0"
"thanks superior engineering technology bajaj auto first wheeler company india b iv emission compliant","5.0"
"country world sect islam india sudhanshu trivedi","2.0"
"filmmaker people born lady youngster lend ear there s mani ratnam film town today tug heartstrings","1.0"
"ministry sport requested enquire fraudulent corrupted person allowed indian olympic association ioa","0.0"
"modi government revolutionizes farming india like never","2.0"
"america nd week boosted million stream","1.0"
"consumer sentiment index india urban rural apr","5.0"
"getting busy canal sensor boat time validate data useful","4.0"
"two day ago interesting visitor janwaar castle surinder paul singh senior athletics","0.0"
"data needed contribute emission free transport join data mobility april","4.0"
"joint many task model growing neural network multiple nlp task","4.0"
"small business make woven thermal protection spacecraft join fb live pm et go behind the scene","4.0"
"accessibility equity quality accountability affordability pillar education india hrm youth conclave","3.0"
"month go fifa u world cup come india can t wait host first fifa tournament","0.0"
"retweet vote hardik pandya fan player match","0.0"
"survey percent teacher think it s difficult discus national politics student","3.0"
"going emirate well educational system introducing english medium math science year","3.0"
"accessory monitor connect create ultimate workstation whenever wherever want","4.0"
"coming complete reform teacher education bit ly nfc ax","3.0"
"congratulation achieving st rank fifa world ranking","0.0"
"machine learning deep learning conference one awesome list","4.0"
"world s best selling album far","1.0"
"saucedo s first time fighting mecca boxing face johnny garcia eight round scrap","0.0"
"apple microsoft keeping desktop deathbed","4.0"
"testing data transmission mb per second like streaming high def movie second info","4.0"
"bigger screen mean bigger phone new bezel le","4.0"
"oxford university put portrait woman","3.0"
"goal th all time top scorer","0.0"
"pay tribute rickles greatest talk show guest time","1.0"
"teacher don t let fear accountability test prevent what s best child","3.0"
"note ban lakh account scanner","5.0"
"train final machine learning model","4.0"
"inquiry electronic voting machine madhya pradesh dispensing bjp slip","2.0"
"big india end primary education","3.0"
"got saturday night planned enjoy bollywood dance music","1.0"
"screen widest release indian film experience magic epic release th april","1.0"
"technology vcs billion obsession car startup","4.0"
"big claim james anderson shame contest cook","0.0"
"active long telangana shooting range hosting school competition look great","0.0"
"adoption gst bill lok sabha india taken big step forward towards congratulation pm","2.0"
"ht chennai city east bengal willis plaza s goal seperated two side far","0.0"
"delegate luxury league forum rashtrapati bhavan today","2.0"
"successfully launched wonderful function annai illam","1.0"
"cash cut threaten school standard say mp","3.0"
"state place come setting computer science policy","3.0"
"prediction algorithm one picture","4.0"
"new congress focus future smart urban inter city ow ly osqw aesna","4.0"
"day comedy died mr warmth rip rickles watch roast ronald reagan get away","1.0"
"zeenat aman feature love guru bold web series love life screw ups","1.0"
"smoking hot picture eternal star","1.0"
"life happens you re busy making plan john lennon","1.0"
"rahul gandhi meet tamil nadu farmer protesting jantar mantar drought relief fund govt ignored plea","2.0"
"tonight lady night","1.0"
"see video way meant seen true to life cinema quality hdr","4.0"
"school regulator","3.0"
"businessman choice chance","5.0"
"hope indian retail investor won t swayed current volatility noise saravana kumar","5.0"
"watched incredible place amazing film wait world it s coming","1.0"
"prevents internet thing business","4.0"
"inaugurated new wrestling hall sai centre sonipat invite budding young wrestler avail facility hone skill","0.0"
"move latest best since congratulation","0.0"
"teacher leader create action plan benefit student school apply","3.0"
"developer preview unveiled last week video walk headline feature","4.0"
"warm greeting fellow let u reaffirm commitment make beloved nation","2.0"
"thanks tweeted welcomed b sc education student started twitter pln today","3.0"
"announcement made haryana government olympic medal win medium","0.0"
"liverpool like chelsea klopp admits side lack experience","0.0"
"hardest problem computer science opinionated jerk everything","4.0"
"action continues caribbean first odi west indie v pakistan series winner","0.0"
"birthday today here s looking famous song bizarre yet wonderful lyric","1.0"
"geography class today making volcano","3.0"
"also card light heavyweight titlist aka nail unbeaten ukrainian face yunieski gonzalez","0.0"
"fake news challenge exploring artificial intelligence technology could leveraged combat fake news","4.0"
"listen remix one wine","1.0"
"tesla rocket past gm become valuable u carmaker billion market cap","5.0"
"eagle fire team score beat lawson hank lierz medalist par","0.0"
"gb data r talktime p min call r hard believe easy get call visit","5.0"
"digital payment initiative demonetization designed reduce usage cash strengthen footprint digital economy","5.0"
"wow tv commercial like totally moved please accept huge applause","1.0"
"addressing medium mr india uk economic finance dialogue delhi april","2.0"
"great interaction star shooter official discussed way promote shooting","0.0"
"world s th largest sector created mn job","5.0"
"indian tourist spent nearly billion u","5.0"
"impress new l bos power et ow ly znoc agevt","5.0"
"yuvi strike fielding done stand give bat name stand chance win yuvi signed miniature bat","0.0"
"top loser","5.0"
"india make win row beating singapore april th asian school boy u hockey championship","0.0"
"signing mou among assam govt nhai iwai dredging brahmaputra step towards realising true potential","2.0"
"million mobile india","5.0"
"well fargo take back extra million executive responsible sale abuse","5.0"
"u rate fall per cent","5.0"
"built shoulder giant bmw m legacy rooted performance","5.0"
"icymi alison brie step ring first look jenji kohan wrestling comedy thr cm mix tj","1.0"
"six year ago day one greatest moment indian cricket history","0.0"
"netflix picked south korean drama man x man starring goo gl jiwn","1.0"
"back ring today put boxing glove know punch hurt opponet much hurt","0.0"
"technology rich learning requires reliable network get best practice","3.0"
"autopilot testing computing platform enabling could allow spacecraft dock go nasa gov np jnz","4.0"
"scholarship higher education shouldn t hard come","3.0"
"education week story make great video check","3.0"
"rapid transit show record growth","4.0"
"toshiba likely reject b memory business bid apple manufacturer foxconn","4.0"
"i m pankaj kr student iit jodhpur selectd central sector scholarship scheme sc student","3.0"
"tight slap face arrogant cbse official","3.0"
"ticket upcoming kolkata derby available p today club ground","0.0"
"let s remember hard work sacrifice leader karyakartas build ek bharat shresth bharat dream","2.0"
"sport controversy personal life click link","0.0"
"india inc open door wide differently abled iim graduate","5.0"
"hrm student volunteer continue effort educate people","3.0"
"biggest reform dat needed india primary education infrastructure teacher r involed institution","3.0"
"focusing effort service removing underused goo gl jfrlb","4.0"
"u strike syria airbase caused death afp quote local governor","2.0"
"priority ensure quality education hrm parliamenterian youth conclave","3.0"
"exam held th th jan answer key provided even plz let u know reason delay","3.0"
"predicting non small cell lung cancer prognosis fully automated microscopic pathology image feature","4.0"
"controller compatible device galaxy s","4.0"
"india open s nehwal beat chia hsin lee st round woman s single","0.0"
"actor day porn star shortest shelf life world money glamour","1.0"
"pradhan mantri mudra yojana nmapp","5.0"
"m surabhi cm win best actress award portrayal pain ecstasy mother deplorable social condition","2.0"
"beautiful project pulling around world","1.0"
"wishing ultimate kung fu champ actor dancer","1.0"
"bunji garlin live friday ticket sale van dorp","1.0"
"one month three boxing s exciting young champion put world title unbeaten record line","0.0"
"another reason brazilian olympian face aaron hollis","0.0"
"icp oes optical technology offer superior performance echelle orca whitepaper explores difference","4.0"
"cloud sils maria director olivier assayas tackling cuban spy thriller","1.0"
"hindu rashtra completely political concept shahid siddiqui nai duniya","2.0"
"waiting see many people punished they ve done crew there s enough evidence","1.0"
"sport power change world happy international day sport development peace","0.0"
"took exactly year ago time purpose album went live happy year","1.0"
"flipkart enter grocery category say company ceo kalyan krishnamurthy","5.0"
"beijing olympic medal","0.0"
"assignment project mark still updated since october need degree education help","3.0"
"mesmerizing voice","1.0"
"twitter com hashtag ipl src hash smith blast victory past","0.0"
"political party barring bjp people india want paper ballot eci insisting evms","2.0"
"photographer accuses arjun rampal assault fir lodged actor","1.0"
"panel recommended return filed exempted establishment checked randomly","5.0"
"month highlight female educator leader made america better place","3.0"
"glion institute higher education inviting application scholarship india education j mp nuvnx","3.0"
"girl education key ending gender inequality yet million girl don t go school day help change","3.0"
"icc woman s world cup trophy today visited eastville park bristol new wicket built local child","0.0"
"true power cinema capture truth love u put in ur work come back wen yr old reacts like god bless thank u","1.0"
"financial sponsorship tertiary education fee","3.0"
"mission indradhanush infuse capital bank last step fm mybs uuuupr","5.0"
"encoding sentence graph convolutional network semantic role labeling","4.0"
"proud part group outstanding effort win game series","0.0"
"email edit graphic prepare presentation heading meeting","4.0"
"result day variable rate reverse repo auction held april","5.0"
"catch live performance nd april pm onwards talkatora stadium new delhi","1.0"
"phd biological science indian institute science education research iiser pune","3.0"
"india time binge watch epic buy tix part april th onwards get assured weekend ticket part april th onwards","1.0"
"dividend crore beneficiary linked scheme feb saving r crore public money year","2.0"
"best rated airline america","5.0"
"autofocus front camera quickly detects face take perfect selfies condition spr ly galaxy","4.0"
"bookmaker software scrutiny","4.0"
"india register significant improvement wef s travel tourism ranking","5.0"
"calling educator monthly chat teaching principal ambassador fellow start pm est tonight join u","3.0"
"asked look test doubt professionalism","1.0"
"j k avalanche three soldier dead batalik sector ladakh region pti","2.0"
"group india phd taskforce announced education minister foster deeper cross border research engagement","3.0"
"best team release tomorrow hope turn hit machine like abbas mastan ji","1.0"
"modi govt achieves another milestone towards rural electrification village electrified since march","2.0"
"today s tdp coordination meeting discussed taking grassroots problem require immediate attention","2.0"
"language translator work","4.0"
"former bjp mp tarun vijay creates storm racist comment say racist live south indian","2.0"
"actor never dream say","1.0"
"kid get fundamental right education affordable rate","3.0"
"mnrega scheme opposition question govt delay labour payment","5.0"
"un security council strongly condemns north korea missile test","2.0"
"around co service tax dept","5.0"
"philosophy believe hindutva believe bhartiya kamal faruqui","2.0"
"held across india city day generated huge response adopt payment n","5.0"
"five highest paying industry sector india","5.0"
"swizz beat alicia key son showing beat boxing skill","0.0"
"phone stuck box long set free spr ly galaxyunpacked","4.0"
"indian institute technology require one thing dat focus dat continously rise succeed","3.0"
"don t miss week head action","0.0"
"manmohan singh urged congress consensus gst read full story","2.0"
"go final whistle one sided affair come end job well done team","0.0"
"russia succeeding influence election interference around world mccain say","2.0"
"rps bowling middle over must something start finish","0.0"
"income tax conduct survey business related brother","5.0"
"india open s p v sindhu beat sung ji hyun semifinal woman s single","0.0"
"uber face another setback ban italy","5.0"
"ntpc s jv bifpcl tie billion maitree plant bangladesh","5.0"
"pradhan mantri gram sadak yojna govt almost doubled construction rural road compared last year upa govt","2.0"
"twitter testing direct message support bit ly ox fbb latest technology news","4.0"
"digital literacy program make crore household digitally literate lakh common service centre giving digital delivery service","4.0"
"every mla constituency india need kendriya vidyalaya school quality primary education","3.0"
"conducted city neet also equivalent centre city case jee main exam","3.0"
"don t miss iconic nye concert miami poolside fontainebleau","1.0"
"pearl academy announces scholarship academic year","3.0"
"song use lewd lyric commit making sure they re part movie make","1.0"
"teach problem solving produce engineer school urged","3.0"
"seamlessly sync armour connected fitness apps","4.0"
"stand up comedy way life here s real king comedy k eddie murphy hope continues cracking u year","1.0"
"let game begin let s great tournament everyone","0.0"
"knight swift transportation merge create billion trucking giant","5.0"
"sri lanka claim comfortable victory colombo first win eight odis odi series end","0.0"
"it s great pleasure welcome hon ble prime minister bhutan assam thanked gracing","2.0"
"central policy restrict fee n pvt school basic educa n beyond reach","3.0"
"using new facebook ad reporting missing huge improvement previous version","4.0"
"pathetic status primary education class throughout india must seen action must taken revamp","3.0"
"university producing unicorn billion dollar startup founder indian institute technology th place","3.0"
"blessed excited announce continuing education basketball career susquehanna university","3.0"
"bhubaneswar confirmed host city nd asian athletics championship th th july earlier ranchi backed","0.0"
"step field advanced sport supplement strength power","0.0"
"good luck cricket academy kid hsic academy world cup dubai go well","0.0"
"time magik tv rock premiere zee cinema tonight pm watch big hug","1.0"
"find fifa us football promote human development peace across world","0.0"
"let s fight depression little music therapy","1.0"
"over spin slow bowling over run over run that s game set match","0.0"
"facebook virtual reality unit oculus face lawsuit imaging patent","4.0"
"greeting supporter reaffirm commitment service nation good governance","2.0"
"better day work science math child help student succeed","3.0"
"google add soundstage developer logan olson vr team","4.0"
"th t i toss pakistan chose field","0.0"
"uzbekistan s fazliddin gaibnazarov pulled major upset score olympic gold meet man called fayzi latest signing","0.0"
"you re sf come hear talk learn deep learning you re c phd next tues","4.0"
"near enrollment tks ssa time restore pre arrangement primary education state list","3.0"
"corporate announcement pm view","5.0"
"u design primary education policy future india never seen last year","3.0"
"offer disruptive pricing could slash telco fy profit","5.0"
"international day sport development peace urge you ll joint movement show","0.0"
"education minister hugely expensive free school despite school funding","3.0"
"ne sign kya ki yeh movie humne bana diya movie poster","1.0"
"blast past bag dark deep learning trick meetup neural net","4.0"
"doesn t need album he ll get grammy sign time","1.0"
"google deepmind open source sonnet build neural network tensorflow even quicker","4.0"
"event organised honour university institution supporting digital transaction training ground level","3.0"
"indian player annual contract bcci paid","0.0"
"currency returned rbi post note ban calculated say arun jaitley","5.0"
"congratulation sophie taylor isabella cowie class awarded teacher education scholarship notre dame university","3.0"
"must fix education system kid make america great wonderful day saint andrew orlando","3.0"
"gem constitution many little hidden treasure right fly plane one civics book missed","2.0"
"inside multinational cyber weapon deal fell apart","4.0"
"edu research support art education academic achievement gov t think r alone dvlp high ach vg well rnded idvls","3.0"
"ml ai taking credit trinity algorithm utility computing large diverse data set","4.0"
"jiao wang present bigdl deep learning compatible pipeline optimized github com intel analytics bigdl","4.0"
"connect broadband invest r crore bringing high broadband speed mbps","5.0"
"sign work weak manager","5.0"
"watch brazil awarded image year icc development programme award","0.0"
"middle school student taking picture earth week","3.0"
"close observation reading behavior enables t teach child book program","3.0"
"goalllllllllll bagan nd katsumi rd team","0.0"
"congratulation abraham vazquez earning spot e star basketball team","0.0"
"like use apple new iphone camera app","4.0"
"happy people listen themusic sad people listen lyric","1.0"
"design team waited year technology engineer delivered","4.0"
"conferring motivated appetite whetted","3.0"
"tesla new geocities investor careful investing stock based dream","5.0"
"former prime minister shri pv narasimha rao conversation mother teresa","2.0"
"we re investing visionary concept transform future human robotic mission aerospace system","4.0"
"sport tool education stimulates mind brings culture discipline","3.0"
"leadership narendra modi india transformative process digital india make india skill india start india","4.0"
"know future must know past smart city future learn london","4.0"
"pre register seat hockey woman world cup london win cool","0.0"
"trump face high stake boeing battle airbus billion iranian airline contract","5.0"
"real estate king g scam rise fall unitech s chandras","5.0"
"india imam council gulbarga unit distributed scholarship imam child s higher education","3.0"
"excl chandrashekhar bhattacharya co pax flight delayed tmc mp dola sen speaks time","2.0"
"rupee hit month high u dollar","5.0"
"south high varsity boy tennis team beat highland","0.0"
"farmer loan waived good politics terrible economics bit ly ntvqlz","2.0"
"co op bond rise bank confirms takeover proposal","5.0"
"katsumi free kick outside box brilliant save bfc gk","0.0"
"year old center self driving car craze","4.0"
"wishing legendary director producer happy birthday","1.0"
"pm speaks j k cm mehbooba mufti flood situation offer possible support centre dealing situation","2.0"
"hm reached port blair three day visit andaman nicobar island received lg shri jagdish mukhi","2.0"
"openai set benchmark sentiment analysis using efficient tcrn ch onfnh","4.0"
"that s right p min calling across country day simple recharge r get","5.0"
"manish sisodia s effort bringing education revolution path breaking truly laying foundation strong vibrant india","2.0"
"midfield technician manpreet singh india preparation th sultan azlan cup starting apr","0.0"
"song listening on loop today","1.0"
"u dollar end sharply cheaper rupee","5.0"
"apple update testflight enable testing multiple app build day beta period","4.0"
"southpaw national comeback allowed play freely www iplt com news batting with more freedom after india comeback yuvraj","0.0"
"pe investor bet big flipkart even mutual fund sceptic","5.0"
"looking forward interact citizen bandhavgarh today devoted deliver best people madhya pradesh","2.0"
"help close learning gap around world committing tech based education non profit","5.0"
"year ago time olympic champion uruguay hector scarone passed away pictured front row nd l","0.0"
"result expected declared tomorrow cbse www cbseguess com news detail cbse class result expected to be declared tomorrow","3.0"
"android nougat operating system seeing faster pace adoption","4.0"
"damage primary education mother tongue india done english hindi","3.0"
"fellow film folk unite recurring incident bullying it s going get much worse","1.0"
"sport ministry lift ban shar e o bko","0.0"
"meet sapna mumbai based googler travel fanatic encourages woman invest self development","5.0"
"weekly roundup apple reset mac pro tesla valuable u tcrn ch onf","4.0"
"you ll truly something i m sure medal inspire country","0.0"
"congratulation ranked latest best ever since","0.0"
"new examines strategy execution leading company developing automated driving system","5.0"
"sbi atm spews cash automatically probe ordered","5.0"
"computing abstraction engineering n shankar","4.0"
"hon ble mo twitter s apac md","2.0"
"use tool predictive modeling helping client unfortunately make guarantee bracket","5.0"
"u dollar end lower rupee","5.0"
"linguistic knowledge memory recurrent neural network","4.0"
"u china trade war india could winner u china trade war economic time","5.0"
"rupee hit month high u dollar","5.0"
"fifa referee committee chariman pierluigi collina give behind the scene insight referee preparation","0.0"
"wonderful season test cricket don t know viewership number cricket lover really nice","0.0"
"law prevail neutral cannot jeopardise security citizen bejon misra","2.0"
"hey guy something major marathi channel check","1.0"
"b iv compliant price change","5.0"
"congratulation winning maximum six award tonight s game","0.0"
"becoming machine learning engineer enabling company use machine learning goo gl aucmoh","4.0"
"taking catch coming smith bat pune challenge sure","0.0"
"begin today film festival india geneva watch bhaag milkha bhaag english run milkha run register","1.0"
"demonetisation positive impact say adb","5.0"
"watch first promise one epic intergalactic battle","1.0"
"delighted announce paandi get clean u coming theatre april th age group","1.0"
"sound amazing day band rann kutch indie music festival feb don t think go","1.0"
"hu higher education act serious compatibility check eu standard constructive proposal","3.0"
"report ajinkya rahane set chase steven smith finish","0.0"
"indian para sport release national para athletics para swimming championship jaipur","0.0"
"one shazamed song check","1.0"
"fundamental right pl stop commercialisation","3.0"
"blessed played golf revered morning blissful lotsa golf sledging","0.0"
"sensex tank point asian cue nifty drop point","5.0"
"guy courtin iot coming iot coming","4.0"
"ubuntu end unity software unification project","4.0"
"sept colombia made football world stand take notice exciting quality","0.0"
"football coach like social worker bringing pitch player bit ly ocsdyt","0.0"
"buy selling honda activa g bike sale urgently required money that s selling bike contact u","5.0"
"f love classic hip hop era watching uproxx ov k b","1.0"
"look dropped fight night youngest fighter ever","0.0"
"launch july airline offer direct link","5.0"
"question softly goon mp gaikwad dealt watch post video tweet","2.0"
"famine never natural disaster always product politics","2.0"
"congratulation winner prestigious ng rimu vc th ori battalion memorial scholarship","3.0"
"shocking number uk business don t reliable internet connection twitter com h ly g p","5.0"
"look result game played april th asian school boy u hockey championship","0.0"
"vivo v plus ipl limited edition smartphone go sale india","4.0"
"like waterproofing fire proofing security proofing samsung s galaxy s siri proofing isn t quite","4.0"
"twitter com hashtag ipl src hashmatch wicket mi v rps smith rahane tahir","0.0"
"looted school mafia name called education","3.0"
"teach boxing next generation","0.0"
"song tribute woman love respect","1.0"
"remix one wine feat tomorrow","1.0"
"jewellery embroidery jute silk handloom handmade india s artisan master caftsmen","2.0"
"pleased share unusual love story th aug tayyar ho jayye swachch azaadi ke liye","1.0"
"stranger thing lead tv category four nomination","1.0"
"delighted welcome h e sheikh hasina prime minister bangladesh state visit india","2.0"
"wearable fitness amp style mainstream smart watch later ken research","4.0"
"vision medal shooting way go","0.0"
"senate intelligence committee member angus king doubt whatsoever russia interfered u election","2.0"
"nantucket film festival tom mccarthy among screenwriter tribute honoree","1.0"
"rise fifa ranking best ever two timesofindia indiatimes com sport football top story india rise to in fifa ranking best ever in two decade articleshow cm","0.0"
"fizz international workload affecting ipl mustafizur rahman unsure ipl participation","0.0"
"indeed moment pride witness passage rajya sabha","2.0"
"thrilled meet real reel young girl motivated inspiring watch film theatre today","1.0"
"backed wide ecosystem diverse apps including one","4.0"
"wishing happy international sport day april every athlete across globe","0.0"
"billy walter found guilty insider trading case","5.0"
"amy quartaro intern love robot always learn time","4.0"
"today authorization act ensuring remain leader exploration innovation go nasa gov natiir","4.0"
"eu parliament published red line brexit talk britain","2.0"
"south asia sub regional economic cooperation sasec finance minister meeting april","2.0"
"addressed national conference decarbonising indian railway embarked upon ambitious program make ir sustainable","2.0"
"u must hear insightful view hon ble cji khehar sesquicentennial celebration allahabad hc yesterday","2.0"
"england education department dfe cannot keep track spending","3.0"
"nyse option add much needed next level enhanced audit trail compliance component imprint offering jim hyde c panel","5.0"
"remember welcome mecca boxing","0.0"
"lady gentleman present film dear friend ram madhvani director neerja must see","1.0"
"firstly modi yogi must deploy romeo squad elected representative","2.0"
"requires state ensure effective teacher safe learning environment prepping student success college career life","3.0"
"hrm student volunteer national convention digital financial literacy campaign","3.0"
"strike ordered mar a lago say going stay play golf starting war mean shit insane","0.0"
"profit margin draw edible oil maker premium segment","5.0"
"criticism free school expansion seems rattled people inc toby young director education thatcher centre","3.0"
"balance work life entertainment","1.0"
"new video ready involves long white rope building s watchman lady gaga thigh hurting","1.0"
"greeting pray everyone s wellness healthier population healthier stronger would nation","2.0"
"actively dalit community birth anniversary pay tribute great activist freedom struggle","2.0"
"student get stanford","3.0"
"shoutout everyone able perform balance athletics academic it s easier said done","0.0"
"badri dulhania reunite class man still got everyone s heart melting","1.0"
"meeting sp mlas mlcs samajwadi party headquarters lucknow","2.0"
"efficient processor mean faster downloads longer battery life le wasted energy","4.0"
"government india provides various scholarship student undertaking higher education foreign universitie","3.0"
"girl education activist malala yousafzai address parliament ift tt psbsrd","3.0"
"misinterpret badly framed sentence former bjp mp tarun vijay clarifies read","2.0"
"micromax dual go sale india today","4.0"
"indian football india national team rise millennial record fifa ranking","0.0"
"fully satisfied decreased electricity bill ritika gupta looking forward aap waving house tax","2.0"
"baidu plan double footprint silicon valley","4.0"
"best song ever omg im dying","1.0"
"every part kashmir including pok belongs india reject pak s stand make gilgit baltistan th province eam","2.0"
"we re saddened hear passing trainer manager boxing legend lou duva thought family","0.0"
"interacted indian diaspora dusseldorf consisting professional banker businessmen others","5.0"
"voice lord hanuman new animation flick","1.0"
"know hold em know fold em origami robot could hitch ride future rover","4.0"
"canada proud welcome yousafzai global education activist honorary canadian citizen","3.0"
"watch live address hrm convention digital financial literacy campaign webcast gov mhrd","3.0"
"wall street explains u job number bad","5.0"
"majority republican voted obama wanted launch strike syria","2.0"
"india jump spot wef s global travel tourism ranking","5.0"
"property acquires two hotel million","5.0"
"jhargram emerges newest district","2.0"
"today annual report nation scout expanding teacher prep program","3.0"
"say actress would made big professiona","1.0"
"happy birthday farhan winning voice beginning wish lot joy success year","1.0"
"keep date localbusiness newsvia website ow ly rimk amkoo","5.0"
"congratulation year gave excellent primary education policy india","3.0"
"sector falling prey industry compression form slow dangerous change risk","5.0"
"go behind scene find star sport hd","0.0"
"hcl s foray ap major boost sector assured full support shiv nadar mou signing","2.0"
"nomination drake chainsmokers billboard music award","1.0"
"r lakh crore tax evasion detected income tax custom central excise service tax","2.0"
"u ambassador nikki haley threatens action syria un doesn t act","2.0"
"director david russell inspired mother joy","1.0"
"inspiring hear young woman ready lead","3.0"
"tokyo olympics mind india appoint foreign coach athletics","0.0"
"matchday wait finally paltan ready tonight","0.0"
"country world india religion sudhanshu trivedi","2.0"
"school uae teacher mentor work teacher support variety way","3.0"
"sen angus king say there s doubt whatsoever russia interfered u election","2.0"
"india open s rituparna da beat chiang mei hui st round woman s single","0.0"
"proud moment india senior national team st fifa ranking best position two decade","0.0"
"indian institute science iisc public university scientific research higher education located bangalore","3.0"
"india go thailand april pm ist final group stage clash th asian school boy u hockey c ship","0.0"
"jamaican sprinter wada might decided ignore code prosecute","0.0"
"innoven capital lean growth phase start ups double debt biz million","5.0"
"gate closing time jee main exam held april","3.0"
"full statement tonight s dramatic shift toward future put need nation student first","3.0"
"cbse school open day exam give holiday homework giving time njoyment kid pl abolish","3.0"
"one team lol dean jones one main organiser psl said postiplauctionthat ben stokes million psl bbl extra","5.0"
"exchangesesg weekly note nyse sustainalytics leavessingapore ipo bad nigerianstockexchange ftse","5.0"
"here s chinese farmer use drone save money time","4.0"
"pmo review affordable housing programme private builder","5.0"
"weightlifting account nearly half india s dope positive athletics second boxing wrestling","0.0"
"got goal got shot","0.0"
"former pakistan captain younis khan got hand part karachi","0.0"
"brand newmusicvideo yet untitled streaming rolling stone italia go check","1.0"
"court order fir snapdeal ceo cheating case","5.0"
"house republican finally making big admission like obamacare","2.0"
"tempted share cricket go character bahut kam hain","0.0"
"excited back school brilliant student it s time working lunch session e industry india","5.0"
"fee noida need controlled","3.0"
